{
  "routineName": "Long Exploration",
  "controlPoints": [
    {
      "x": 1.203731432858215,
      "y": 5.6147836611195165
    },
    {
      "x": 9.121057764441112,
      "y": 9.788605143721634
    },
    {
      "x": 6.701185296324082,
      "y": -1.726053567816431
    },
    {
      "x": 14.531644411102778,
      "y": 3.6645158850226927
    }
  ],
  "actionPoints": []
}